<?xml version="1.0" encoding="utf-8" ?><dwsync><file name="logo_liverpool.jpg" server="promociones.liverpool.com.mx//home/oracle/oas/liverpool/" local="3649263932" remote="3671012520" Dst="-1" /><file name="pocket2.gif" server="promociones.liverpool.com.mx//home/oracle/oas/liverpool/" local="3670943881" remote="3671012520" Dst="-1" /><file name="twitter.png" server="promociones.liverpool.com.mx//home/oracle/oas/liverpool/" local="3649263938" remote="3671012520" Dst="-1" /><file name="facebook.png" server="promociones.liverpool.com.mx//home/oracle/oas/liverpool/" local="3649263936" remote="3671012520" Dst="-1" /><file name="pinterest.png" server="promociones.liverpool.com.mx//home/oracle/oas/liverpool/" local="3649263936" remote="3671012520" Dst="-1" /><file name="esperala.gif" server="promociones.liverpool.com.mx//home/oracle/oas/liverpool/" local="3652805400" remote="3671012520" Dst="-1" /><file name="android.png" server="promociones.liverpool.com.mx//home/oracle/oas/liverpool/" local="3649263936" remote="3671012520" Dst="-1" /><file name="apple.png" server="promociones.liverpool.com.mx//home/oracle/oas/liverpool/" local="3649263936" remote="3671012520" Dst="-1" /><file name="pocket_new_5_responsys.gif" server="promociones.liverpool.com.mx//home/oracle/oas/liverpool/" local="3670957060" remote="3671012520" Dst="-1" /><file name="tarjetas.gif" server="promociones.liverpool.com.mx//home/oracle/oas/liverpool/" local="3671011682" remote="3671012520" Dst="-1" /></dwsync>