<?xml version="1.0" encoding="utf-8" ?><dwsync><file name=".DS_Store" server="promociones.liverpool.com.mx//home/oracle/oas/liverpool/" local="3634726507" remote="3634726500" Dst="-1" /><file name="cintillo_bou.jpg" server="promociones.liverpool.com.mx//home/oracle/oas/liverpool/" local="3634726257" remote="3634667400" Dst="-1" /><file name="facebook.png" server="promociones.liverpool.com.mx//home/oracle/oas/liverpool/" local="3634726257" remote="3634667400" Dst="-1" /><file name="garantia.jpg" server="promociones.liverpool.com.mx//home/oracle/oas/liverpool/" local="3634726257" remote="3634667400" Dst="-1" /><file name="header_etam_new.jpg" server="promociones.liverpool.com.mx//home/oracle/oas/liverpool/" local="3634726278" remote="3634667400" Dst="-1" /><file name="image_01.jpg" server="promociones.liverpool.com.mx//home/oracle/oas/liverpool/" local="3634726278" remote="3634667400" Dst="-1" /><file name="image_02.jpg" server="promociones.liverpool.com.mx//home/oracle/oas/liverpool/" local="3634726278" remote="3634670040" Dst="-1" /><file name="image_03.jpg" server="promociones.liverpool.com.mx//home/oracle/oas/liverpool/" local="3634726279" remote="3634667400" Dst="-1" /><file name="image_04.jpg" server="promociones.liverpool.com.mx//home/oracle/oas/liverpool/" local="3634726279" remote="3634667400" Dst="-1" /><file name="image_05.jpg" server="promociones.liverpool.com.mx//home/oracle/oas/liverpool/" local="3634726279" remote="3634667400" Dst="-1" /><file name="image_06.jpg" server="promociones.liverpool.com.mx//home/oracle/oas/liverpool/" local="3634726279" remote="3634667400" Dst="-1" /><file name="image_07.jpg" server="promociones.liverpool.com.mx//home/oracle/oas/liverpool/" local="3634726279" remote="3634667400" Dst="-1" /><file name="image_09.jpg" server="promociones.liverpool.com.mx//home/oracle/oas/liverpool/" local="3634726258" remote="3634667400" Dst="-1" /><file name="image_10.jpg" server="promociones.liverpool.com.mx//home/oracle/oas/liverpool/" local="3634726258" remote="3634667400" Dst="-1" /><file name="image_12.jpg" server="promociones.liverpool.com.mx//home/oracle/oas/liverpool/" local="3634726258" remote="3634667400" Dst="-1" /><file name="image_11.jpg" server="promociones.liverpool.com.mx//home/oracle/oas/liverpool/" local="3634726258" remote="3634667400" Dst="-1" /><file name="logo.gif" server="promociones.liverpool.com.mx//home/oracle/oas/liverpool/" local="3634726258" remote="3634667400" Dst="-1" /><file name="pinterest.png" server="promociones.liverpool.com.mx//home/oracle/oas/liverpool/" local="3634726258" remote="3634667400" Dst="-1" /><file name="twitter.png" server="promociones.liverpool.com.mx//home/oracle/oas/liverpool/" local="3634726258" remote="3634667400" Dst="-1" /><file name="visitanos-etam.jpg" server="promociones.liverpool.com.mx//home/oracle/oas/liverpool/" local="3634726258" remote="3634667400" Dst="-1" /><file name="image_08.jpg" server="promociones.liverpool.com.mx//home/oracle/oas/liverpool/" local="3634726279" remote="3634670040" Dst="-1" /></dwsync>