<?xml version="1.0" encoding="utf-8" ?><dwsync><file name="Banner_WSINC_suscribete_boletin.jpg" server="promociones.liverpool.com.mx//home/oracle/oas/liverpool/" local="3634850562" remote="3648649740" Dst="-1" /><file name=".DS_Store" server="promociones.liverpool.com.mx//home/oracle/oas/liverpool/" local="3645098893" remote="3648649740" Dst="-1" /><file name="image_01.jpg" server="promociones.liverpool.com.mx//home/oracle/oas/liverpool/" local="3648648294" remote="3648649740" Dst="-1" /><file name="image_02.jpg" server="promociones.liverpool.com.mx//home/oracle/oas/liverpool/" local="3648648295" remote="3648649740" Dst="-1" /><file name="image_04.jpg" server="promociones.liverpool.com.mx//home/oracle/oas/liverpool/" local="3648648296" remote="3648649740" Dst="-1" /><file name="image_03.jpg" server="promociones.liverpool.com.mx//home/oracle/oas/liverpool/" local="3648648296" remote="3648649740" Dst="-1" /><file name="image_05.jpg" server="promociones.liverpool.com.mx//home/oracle/oas/liverpool/" local="3648648297" remote="3648649740" Dst="-1" /><file name="image_07.jpg" server="promociones.liverpool.com.mx//home/oracle/oas/liverpool/" local="3648648299" remote="3648649740" Dst="-1" /><file name="image_06.jpg" server="promociones.liverpool.com.mx//home/oracle/oas/liverpool/" local="3648648298" remote="3648649740" Dst="-1" /><file name="image_08.jpg" server="promociones.liverpool.com.mx//home/oracle/oas/liverpool/" local="3648648300" remote="3648649740" Dst="-1" /><file name="image_09.jpg" server="promociones.liverpool.com.mx//home/oracle/oas/liverpool/" local="3648648301" remote="3648649740" Dst="-1" /><file name="image_10.jpg" server="promociones.liverpool.com.mx//home/oracle/oas/liverpool/" local="3648648301" remote="3648649740" Dst="-1" /><file name="logopbk_blue.jpg" server="promociones.liverpool.com.mx//home/oracle/oas/liverpool/" local="3634850490" remote="3648649740" Dst="-1" /><file name="visitanos.jpg" server="promociones.liverpool.com.mx//home/oracle/oas/liverpool/" local="3634850490" remote="3648649740" Dst="-1" /><file name="image_11.jpg" server="promociones.liverpool.com.mx//home/oracle/oas/liverpool/" local="3648648302" remote="3648649740" Dst="-1" /><file name="image_15.jpg" server="promociones.liverpool.com.mx//home/oracle/oas/liverpool/" local="3642094503" remote="3648649740" Dst="-1" /><file name="image_16.jpg" server="promociones.liverpool.com.mx//home/oracle/oas/liverpool/" local="3642094503" remote="3648649740" Dst="-1" /><file name="image_14.jpg" server="promociones.liverpool.com.mx//home/oracle/oas/liverpool/" local="3642094502" remote="3648649740" Dst="-1" /><file name="image_13.jpg" server="promociones.liverpool.com.mx//home/oracle/oas/liverpool/" local="3648648304" remote="3648649740" Dst="-1" /><file name="image_12.jpg" server="promociones.liverpool.com.mx//home/oracle/oas/liverpool/" local="3648648303" remote="3648649740" Dst="-1" /><file name="gif_01.gif" server="promociones.liverpool.com.mx//home/oracle/oas/liverpool/" local="3638178877" remote="3648649740" Dst="-1" /><file name="image_02.gif" server="promociones.liverpool.com.mx//home/oracle/oas/liverpool/" local="3641992107" remote="3648649740" Dst="-1" /><file name="banner_deco.jpg" server="promociones.liverpool.com.mx//home/oracle/oas/liverpool/" local="3645709673" remote="3648649740" Dst="-1" /><file name="pro_12.jpg" server="promociones.liverpool.com.mx//home/oracle/oas/liverpool/" local="3647526933" remote="3648649740" Dst="-1" /><file name="image_08.gif" server="promociones.liverpool.com.mx//home/oracle/oas/liverpool/" local="3647538982" remote="3648649740" Dst="-1" /></dwsync>