<?xml version="1.0" encoding="utf-8" ?><dwsync><file name="image_02.jpg" server="promociones.liverpool.com.mx//home/oracle/oas/liverpool/" local="3675351591" remote="3675357600" Dst="-1" /><file name="image_01.jpg" server="promociones.liverpool.com.mx//home/oracle/oas/liverpool/" local="3675351591" remote="3675357600" Dst="-1" /><file name="image_03.jpg" server="promociones.liverpool.com.mx//home/oracle/oas/liverpool/" local="3675351591" remote="3675357600" Dst="-1" /><file name="image_07.jpg" server="promociones.liverpool.com.mx//home/oracle/oas/liverpool/" local="3675351591" remote="3675357600" Dst="-1" /><file name="image_13.jpg" server="promociones.liverpool.com.mx//home/oracle/oas/liverpool/" local="3675352953" remote="3675357600" Dst="-1" /><file name="image_12.jpg" server="promociones.liverpool.com.mx//home/oracle/oas/liverpool/" local="3675352953" remote="3675357600" Dst="-1" /><file name="image_10.jpg" server="promociones.liverpool.com.mx//home/oracle/oas/liverpool/" local="3675351591" remote="3675357600" Dst="-1" /><file name="image_06.jpg" server="promociones.liverpool.com.mx//home/oracle/oas/liverpool/" local="3675351591" remote="3675357600" Dst="-1" /><file name="image_04.jpg" server="promociones.liverpool.com.mx//home/oracle/oas/liverpool/" local="3675352953" remote="3675357600" Dst="-1" /><file name="image_11.jpg" server="promociones.liverpool.com.mx//home/oracle/oas/liverpool/" local="3675351592" remote="3675357600" Dst="-1" /><file name="image_05.jpg" server="promociones.liverpool.com.mx//home/oracle/oas/liverpool/" local="3675351591" remote="3675357600" Dst="-1" /><file name="image_04a.jpg" server="promociones.liverpool.com.mx//home/oracle/oas/liverpool/" local="3672929388" remote="3675357600" Dst="-1" /><file name="banner_liv_pocket.gif" server="promociones.liverpool.com.mx//home/oracle/oas/liverpool/" local="3672926608" remote="3675357600" Dst="-1" /><file name="image_04b.jpg" server="promociones.liverpool.com.mx//home/oracle/oas/liverpool/" local="3672929390" remote="3675357600" Dst="-1" /><file name="image_04c.jpg" server="promociones.liverpool.com.mx//home/oracle/oas/liverpool/" local="3672929964" remote="3675357600" Dst="-1" /><file name="android.png" server="promociones.liverpool.com.mx//home/oracle/oas/liverpool/" local="3610347632" remote="3675357600" Dst="-1" /><file name="apple.png" server="promociones.liverpool.com.mx//home/oracle/oas/liverpool/" local="3610347632" remote="3675357600" Dst="-1" /><file name="image_04d.jpg" server="promociones.liverpool.com.mx//home/oracle/oas/liverpool/" local="3672929965" remote="3675357660" Dst="-1" /><file name="twitter.png" server="promociones.liverpool.com.mx//home/oracle/oas/liverpool/" local="3610347632" remote="3675357660" Dst="-1" /><file name="cintillo2.gif" server="promociones.liverpool.com.mx//home/oracle/oas/liverpool/" local="3671025931" remote="3675357660" Dst="-1" /><file name="image_08.jpg" server="promociones.liverpool.com.mx//home/oracle/oas/liverpool/" local="3675351591" remote="3675357660" Dst="-1" /><file name="logo_liverpool.jpg" server="promociones.liverpool.com.mx//home/oracle/oas/liverpool/" local="3644924598" remote="3675357660" Dst="-1" /><file name="image_09.jpg" server="promociones.liverpool.com.mx//home/oracle/oas/liverpool/" local="3675351591" remote="3675357660" Dst="-1" /><file name="banner_garantia_liverpool.jpg" server="promociones.liverpool.com.mx//home/oracle/oas/liverpool/" local="3671101910" remote="3675357660" Dst="-1" /><file name="facebook.png" server="promociones.liverpool.com.mx//home/oracle/oas/liverpool/" local="3610347632" remote="3675357660" Dst="-1" /><file name="pinterest.png" server="promociones.liverpool.com.mx//home/oracle/oas/liverpool/" local="3610347632" remote="3675357660" Dst="-1" /><file name="cintillo_viajes_02.jpg" server="promociones.liverpool.com.mx//home/oracle/oas/liverpool/" local="3672930546" remote="3675357660" Dst="-1" /><file name="image_15.jpg" server="promociones.liverpool.com.mx//home/oracle/oas/liverpool/" local="3675357630" remote="3675357600" Dst="-1" /><file name="image_14.jpg" server="promociones.liverpool.com.mx//home/oracle/oas/liverpool/" local="3675351592" remote="3675357600" Dst="-1" /><file name="image_16.jpg" server="promociones.liverpool.com.mx//home/oracle/oas/liverpool/" local="3675357630" remote="3675357600" Dst="-1" /><file name="image_17.jpg" server="promociones.liverpool.com.mx//home/oracle/oas/liverpool/" local="3675351592" remote="3675357600" Dst="-1" /></dwsync>