<?xml version="1.0" encoding="utf-8" ?><dwsync><file name="android.png" server="promociones.liverpool.com.mx//home/oracle/oas/liverpool/" local="3646735100" remote="3649266180" Dst="-1" /><file name="apple.png" server="promociones.liverpool.com.mx//home/oracle/oas/liverpool/" local="3646735100" remote="3649266180" Dst="-1" /><file name="facebook.png" server="promociones.liverpool.com.mx//home/oracle/oas/liverpool/" local="3646735102" remote="3649266180" Dst="-1" /><file name="cintillo_credito.jpg" server="promociones.liverpool.com.mx//home/oracle/oas/liverpool/" local="3646735102" remote="3649266180" Dst="-1" /><file name="image_02.jpg" server="promociones.liverpool.com.mx//home/oracle/oas/liverpool/" local="3649265388" remote="3649266180" Dst="-1" /><file name="image_01.jpg" server="promociones.liverpool.com.mx//home/oracle/oas/liverpool/" local="3649265388" remote="3649266180" Dst="-1" /><file name="image_03.jpg" server="promociones.liverpool.com.mx//home/oracle/oas/liverpool/" local="3649265389" remote="3649266180" Dst="-1" /><file name="image_05.jpg" server="promociones.liverpool.com.mx//home/oracle/oas/liverpool/" local="3649265389" remote="3649266180" Dst="-1" /><file name="image_04.jpg" server="promociones.liverpool.com.mx//home/oracle/oas/liverpool/" local="3649265389" remote="3649266180" Dst="-1" /><file name="image_06.jpg" server="promociones.liverpool.com.mx//home/oracle/oas/liverpool/" local="3649265389" remote="3649266180" Dst="-1" /><file name="image_08.jpg" server="promociones.liverpool.com.mx//home/oracle/oas/liverpool/" local="3649265389" remote="3649266180" Dst="-1" /><file name="image_07.jpg" server="promociones.liverpool.com.mx//home/oracle/oas/liverpool/" local="3649265389" remote="3649266180" Dst="-1" /><file name="image_09.jpg" server="promociones.liverpool.com.mx//home/oracle/oas/liverpool/" local="3649265389" remote="3649266180" Dst="-1" /><file name="image_10.jpg" server="promociones.liverpool.com.mx//home/oracle/oas/liverpool/" local="3649266397" remote="3649266420" Dst="-1" /><file name="image_12.jpg" server="promociones.liverpool.com.mx//home/oracle/oas/liverpool/" local="3649265389" remote="3649266180" Dst="-1" /><file name="image_11.jpg" server="promociones.liverpool.com.mx//home/oracle/oas/liverpool/" local="3649265389" remote="3649266180" Dst="-1" /><file name="logo_liverpool.jpg" server="promociones.liverpool.com.mx//home/oracle/oas/liverpool/" local="3646735108" remote="3649266180" Dst="-1" /><file name="pinterest.png" server="promociones.liverpool.com.mx//home/oracle/oas/liverpool/" local="3646735108" remote="3649266180" Dst="-1" /><file name="twitter.png" server="promociones.liverpool.com.mx//home/oracle/oas/liverpool/" local="3646735108" remote="3649266180" Dst="-1" /><file name="cintillo_cine_2.jpg" server="promociones.liverpool.com.mx//home/oracle/oas/liverpool/" local="3648738601" remote="3649266180" Dst="-1" /></dwsync>