<?xml version="1.0" encoding="utf-8" ?><dwsync><file name="android.png" server="promociones.liverpool.com.mx//home/oracle/oas/liverpool/" local="3634726266" remote="3634667100" Dst="-1" /><file name="_DS_Store" server="promociones.liverpool.com.mx//home/oracle/oas/liverpool/" local="3634726255" remote="3634667100" Dst="-1" /><file name=".DS_Store" server="promociones.liverpool.com.mx//home/oracle/oas/liverpool/" local="3634726278" remote="3634667100" Dst="-1" /><file name="apple.png" server="promociones.liverpool.com.mx//home/oracle/oas/liverpool/" local="3634726266" remote="3634667100" Dst="-1" /><file name="cintillo_bou.jpg" server="promociones.liverpool.com.mx//home/oracle/oas/liverpool/" local="3634726256" remote="3634667100" Dst="-1" /><file name="exc.gif" server="promociones.liverpool.com.mx//home/oracle/oas/liverpool/" local="3634726256" remote="3634667100" Dst="-1" /><file name="cintillo.jpg" server="promociones.liverpool.com.mx//home/oracle/oas/liverpool/" local="3634726256" remote="3634667100" Dst="-1" /><file name="facebook.png" server="promociones.liverpool.com.mx//home/oracle/oas/liverpool/" local="3634726266" remote="3634667100" Dst="-1" /><file name="image_03.jpg" server="promociones.liverpool.com.mx//home/oracle/oas/liverpool/" local="3634726263" remote="3634667100" Dst="-1" /><file name="image_01.jpg" server="promociones.liverpool.com.mx//home/oracle/oas/liverpool/" local="3634726621" remote="3634726620" Dst="-1" /><file name="image_05.jpg" server="promociones.liverpool.com.mx//home/oracle/oas/liverpool/" local="3634726263" remote="3634667100" Dst="-1" /><file name="image_02.jpg" server="promociones.liverpool.com.mx//home/oracle/oas/liverpool/" local="3634726264" remote="3634670040" Dst="-1" /><file name="image_06.jpg" server="promociones.liverpool.com.mx//home/oracle/oas/liverpool/" local="3634726263" remote="3634667100" Dst="-1" /><file name="image_08.jpg" server="promociones.liverpool.com.mx//home/oracle/oas/liverpool/" local="3634726263" remote="3634670040" Dst="-1" /><file name="image_07.jpg" server="promociones.liverpool.com.mx//home/oracle/oas/liverpool/" local="3634726263" remote="3634667100" Dst="-1" /><file name="pinterest.png" server="promociones.liverpool.com.mx//home/oracle/oas/liverpool/" local="3634726266" remote="3634667100" Dst="-1" /><file name="image_12.jpg" server="promociones.liverpool.com.mx//home/oracle/oas/liverpool/" local="3634726256" remote="3634667100" Dst="-1" /><file name="twitter.png" server="promociones.liverpool.com.mx//home/oracle/oas/liverpool/" local="3634726266" remote="3634667100" Dst="-1" /><file name="vad.gif" server="promociones.liverpool.com.mx//home/oracle/oas/liverpool/" local="3634726257" remote="3634667100" Dst="-1" /><file name="image_04.jpg" server="promociones.liverpool.com.mx//home/oracle/oas/liverpool/" local="3634726263" remote="3634667100" Dst="-1" /></dwsync>